{"cameraMode":{"drawMode":0,"name":"Shaded","section":"Shading Mode"},"sceneLighting":false,"audioPlay":false,"sceneViewState":{"showFog":true,"showMaterialUpdate":false,"showSkybox":false,"showFlares":true,"showImageEffects":true,"showParticleSystems":true,"showVisualEffectGraphs":true,"m_FxEnabled":true},"in2DMode":false,"pivot":{"x":316.0001220703125,"y":208.57508850097657,"z":11.699993133544922},"rotation":{"x":-0.061755601316690448,"y":-0.021859344094991685,"z":0.0013529086718335748,"w":-0.9978523254394531},"size":1218.771240234375,"orthographic":false}