{"cameraMode":{"drawMode":0,"name":"Shaded","section":"Shading Mode"},"sceneLighting":false,"audioPlay":false,"sceneViewState":{"showFog":true,"showMaterialUpdate":false,"showSkybox":false,"showFlares":true,"showImageEffects":true,"showParticleSystems":true,"showVisualEffectGraphs":true,"m_FxEnabled":true},"in2DMode":false,"pivot":{"x":316.0001220703125,"y":283.5750732421875,"z":11.699993133544922},"rotation":{"x":-0.09015198796987534,"y":-0.027785608544945718,"z":0.0025162240490317346,"w":-0.9955384135246277},"size":1239.46435546875,"orthographic":false}