{"cameraMode":{"drawMode":0,"name":"Shaded","section":"Shading Mode"},"sceneLighting":true,"audioPlay":false,"sceneViewState":{"showFog":true,"showMaterialUpdate":false,"showSkybox":true,"showFlares":true,"showImageEffects":true,"showParticleSystems":true,"showVisualEffectGraphs":true,"m_FxEnabled":true},"in2DMode":false,"pivot":{"x":9.208427429199219,"y":12.449543952941895,"z":34.890899658203128},"rotation":{"x":0.00867223460227251,"y":0.06355252116918564,"z":0.0005487460293807089,"w":-0.9979672431945801},"size":38.64261245727539,"orthographic":false}