{"cameraMode":{"drawMode":0,"name":"Shaded","section":"Shading Mode"},"sceneLighting":true,"audioPlay":false,"sceneViewState":{"showFog":true,"showMaterialUpdate":false,"showSkybox":true,"showFlares":true,"showImageEffects":true,"showParticleSystems":true,"showVisualEffectGraphs":true,"m_FxEnabled":true},"in2DMode":false,"pivot":{"x":-2.5092012882232668,"y":-4.848095893859863,"z":21.129072189331056},"rotation":{"x":-0.07814249396324158,"y":-0.04723990708589554,"z":0.003708986332640052,"w":-0.995822012424469},"size":25.015640258789064,"orthographic":false}