{"cameraMode":{"drawMode":0,"name":"Shaded","section":"Shading Mode"},"sceneLighting":true,"audioPlay":false,"sceneViewState":{"showFog":true,"showMaterialUpdate":false,"showSkybox":true,"showFlares":true,"showImageEffects":true,"showParticleSystems":true,"showVisualEffectGraphs":true,"m_FxEnabled":true},"in2DMode":false,"pivot":{"x":-14.602928161621094,"y":-13.837512016296387,"z":31.92633819580078},"rotation":{"x":-0.15228484570980073,"y":0.30497363209724429,"z":-0.04946932569146156,"w":-0.9388094544410706},"size":30.134042739868165,"orthographic":false}