{"cameraMode":{"drawMode":0,"name":"Shaded","section":"Shading Mode"},"sceneLighting":true,"audioPlay":false,"sceneViewState":{"showFog":true,"showMaterialUpdate":false,"showSkybox":true,"showFlares":true,"showImageEffects":true,"showParticleSystems":true,"showVisualEffectGraphs":true,"m_FxEnabled":true},"in2DMode":false,"pivot":{"x":0.5638388395309448,"y":-4.7789387702941898,"z":0.5264739990234375},"rotation":{"x":-0.045290347188711169,"y":0.014082839712500573,"z":-0.0006362576968967915,"w":-0.9988808631896973},"size":40.17593002319336,"orthographic":false}