{"cameraMode":{"drawMode":0,"name":"Shaded","section":"Shading Mode"},"sceneLighting":true,"audioPlay":false,"sceneViewState":{"showFog":true,"showMaterialUpdate":false,"showSkybox":true,"showFlares":true,"showImageEffects":true,"showParticleSystems":true,"showVisualEffectGraphs":true,"m_FxEnabled":true},"in2DMode":false,"pivot":{"x":1.3695118427276612,"y":-2.3376684188842775,"z":18.292381286621095},"rotation":{"x":-0.13772042095661164,"y":0.04662975296378136,"z":-0.0064942799508571629,"w":-0.9893774390220642},"size":18.958412170410158,"orthographic":false}