{"cameraMode":{"drawMode":0,"name":"Shaded","section":"Shading Mode"},"sceneLighting":true,"audioPlay":false,"sceneViewState":{"showFog":true,"showMaterialUpdate":false,"showSkybox":true,"showFlares":true,"showImageEffects":true,"showParticleSystems":true,"showVisualEffectGraphs":true,"m_FxEnabled":true},"in2DMode":false,"pivot":{"x":-0.0000762939453125,"y":4.1241960525512699,"z":23.57550048828125},"rotation":{"x":0.0026838735211640598,"y":0.06654860079288483,"z":0.00017467240104451776,"w":-0.9978073239326477},"size":21.544403076171876,"orthographic":false}