{"cameraMode":{"drawMode":0,"name":"Shaded","section":"Shading Mode"},"sceneLighting":true,"audioPlay":false,"sceneViewState":{"showFog":true,"showMaterialUpdate":false,"showSkybox":true,"showFlares":true,"showImageEffects":true,"showParticleSystems":true,"showVisualEffectGraphs":true,"m_FxEnabled":true},"in2DMode":false,"pivot":{"x":7.315735816955566,"y":-0.14721155166625977,"z":5.640235900878906},"rotation":{"x":-0.02114628255367279,"y":0.12325596809387207,"z":-0.0026246358174830677,"w":-0.9921524524688721},"size":12.997486114501954,"orthographic":false}