{"cameraMode":{"drawMode":0,"name":"Shaded","section":"Shading Mode"},"sceneLighting":true,"audioPlay":false,"sceneViewState":{"showFog":true,"showMaterialUpdate":false,"showSkybox":true,"showFlares":true,"showImageEffects":true,"showParticleSystems":true,"showVisualEffectGraphs":true,"m_FxEnabled":true},"in2DMode":false,"pivot":{"x":0.21618330478668214,"y":0.33656466007232668,"z":0.27513647079467776},"rotation":{"x":-0.15814584493637086,"y":0.24083919823169709,"z":-0.03980755805969238,"w":-0.9567710161209106},"size":2.0852158069610597,"orthographic":false}