{"cameraMode":{"drawMode":0,"name":"Shaded","section":"Shading Mode"},"sceneLighting":true,"audioPlay":false,"sceneViewState":{"showFog":true,"showMaterialUpdate":false,"showSkybox":true,"showFlares":true,"showImageEffects":true,"showParticleSystems":true,"showVisualEffectGraphs":true,"m_FxEnabled":true},"in2DMode":false,"pivot":{"x":4.877599716186523,"y":-10.680435180664063,"z":4.103355407714844},"rotation":{"x":-0.028433609753847123,"y":0.1603361815214157,"z":-0.004618257749825716,"w":-0.9866484999656677},"size":32.820091247558597,"orthographic":false}