{"cameraMode":{"drawMode":0,"name":"Shaded","section":"Shading Mode"},"sceneLighting":true,"audioPlay":false,"sceneViewState":{"showFog":true,"showMaterialUpdate":false,"showSkybox":true,"showFlares":true,"showImageEffects":true,"showParticleSystems":true,"showVisualEffectGraphs":true,"m_FxEnabled":true},"in2DMode":false,"pivot":{"x":3.6370277404785158,"y":1.9286918640136719,"z":-2.1680338382720949},"rotation":{"x":-0.0777963176369667,"y":0.10507949441671372,"z":-0.008250861428678036,"w":-0.9914095997810364},"size":118.4771728515625,"orthographic":false}