{"cameraMode":{"drawMode":0,"name":"Shaded","section":"Shading Mode"},"sceneLighting":true,"audioPlay":false,"sceneViewState":{"showFog":true,"showMaterialUpdate":false,"showSkybox":true,"showFlares":true,"showImageEffects":true,"showParticleSystems":true,"showVisualEffectGraphs":true,"m_FxEnabled":true},"in2DMode":false,"pivot":{"x":-1.7423253059387208,"y":4.127657890319824,"z":23.992637634277345},"rotation":{"x":-0.04064087197184563,"y":-0.0877167135477066,"z":0.0035817462485283615,"w":-0.9953103065490723},"size":18.847902297973634,"orthographic":false}