{"cameraMode":{"drawMode":0,"name":"Shaded","section":"Shading Mode"},"sceneLighting":true,"audioPlay":false,"sceneViewState":{"showFog":true,"showMaterialUpdate":false,"showSkybox":true,"showFlares":true,"showImageEffects":true,"showParticleSystems":true,"showVisualEffectGraphs":true,"m_FxEnabled":true},"in2DMode":false,"pivot":{"x":-8.403858184814454,"y":3.6792964935302736,"z":39.43323516845703},"rotation":{"x":-0.013808841817080975,"y":0.008096308447420597,"z":-0.00011185220500919968,"w":-0.9998739957809448},"size":25.997034072875978,"orthographic":false}