{"cameraMode":{"drawMode":0,"name":"Shaded","section":"Shading Mode"},"sceneLighting":true,"audioPlay":false,"sceneViewState":{"showFog":true,"showMaterialUpdate":false,"showSkybox":true,"showFlares":true,"showImageEffects":true,"showParticleSystems":true,"showVisualEffectGraphs":true,"m_FxEnabled":true},"in2DMode":false,"pivot":{"x":4.803609848022461,"y":-0.5413103103637695,"z":33.335845947265628},"rotation":{"x":-0.07194288820028305,"y":0.09172774851322174,"z":-0.006648630369454622,"w":-0.993186354637146},"size":42.198699951171878,"orthographic":false}