{"cameraMode":{"drawMode":0,"name":"Shaded","section":"Shading Mode"},"sceneLighting":true,"audioPlay":false,"sceneViewState":{"showFog":true,"showMaterialUpdate":false,"showSkybox":true,"showFlares":true,"showImageEffects":true,"showParticleSystems":true,"showVisualEffectGraphs":true,"m_FxEnabled":true},"in2DMode":false,"pivot":{"x":-0.9598402976989746,"y":-0.5346343517303467,"z":11.669046401977539},"rotation":{"x":-0.14657750725746156,"y":-0.14867056906223298,"z":0.02228975109755993,"w":-0.9777176976203919},"size":9.445717811584473,"orthographic":false}