{"cameraMode":{"drawMode":0,"name":"Shaded","section":"Shading Mode"},"sceneLighting":true,"audioPlay":false,"sceneViewState":{"showFog":true,"showMaterialUpdate":false,"showSkybox":true,"showFlares":true,"showImageEffects":true,"showParticleSystems":true,"showVisualEffectGraphs":true,"m_FxEnabled":true},"in2DMode":false,"pivot":{"x":-0.5636911392211914,"y":1.0869851112365723,"z":-0.6926034688949585},"rotation":{"x":-0.04068392515182495,"y":-0.9520587921142578,"z":0.14565344154834748,"w":-0.2659456729888916},"size":1.2297561168670655,"orthographic":false}