{"cameraMode":{"drawMode":0,"name":"Shaded","section":"Shading Mode"},"sceneLighting":true,"audioPlay":false,"sceneViewState":{"showFog":true,"showMaterialUpdate":false,"showSkybox":true,"showFlares":true,"showImageEffects":true,"showParticleSystems":true,"showVisualEffectGraphs":true,"m_FxEnabled":true},"in2DMode":false,"pivot":{"x":-4.774489402770996,"y":-7.904481887817383,"z":17.81320571899414},"rotation":{"x":-0.024308783933520318,"y":0.0020951495971530678,"z":-0.000050520840886747465,"w":-0.9997159242630005},"size":8.848814010620118,"orthographic":false}