{"cameraMode":{"drawMode":0,"name":"Shaded","section":"Shading Mode"},"sceneLighting":true,"audioPlay":false,"sceneViewState":{"showFog":true,"showMaterialUpdate":false,"showSkybox":true,"showFlares":true,"showImageEffects":true,"showParticleSystems":true,"showVisualEffectGraphs":true,"m_FxEnabled":true},"in2DMode":false,"pivot":{"x":1.4064414501190186,"y":-5.607738494873047,"z":39.38346862792969},"rotation":{"x":-0.03330215811729431,"y":-0.009896978735923767,"z":0.00033064335002563894,"w":-0.9994006752967835},"size":29.726665496826173,"orthographic":false}