{"cameraMode":{"drawMode":0,"name":"Shaded","section":"Shading Mode"},"sceneLighting":true,"audioPlay":false,"sceneViewState":{"showFog":true,"showMaterialUpdate":false,"showSkybox":true,"showFlares":true,"showImageEffects":true,"showParticleSystems":true,"showVisualEffectGraphs":true,"m_FxEnabled":true},"in2DMode":false,"pivot":{"x":0.3312917947769165,"y":-15.160240173339844,"z":16.829519271850587},"rotation":{"x":-0.626310408115387,"y":0.003973687067627907,"z":-0.003190121380612254,"w":-0.7795742750167847},"size":30.512413024902345,"orthographic":false}