{"cameraMode":{"drawMode":0,"name":"Shaded","section":"Shading Mode"},"sceneLighting":true,"audioPlay":false,"sceneViewState":{"showFog":true,"showMaterialUpdate":false,"showSkybox":true,"showFlares":true,"showImageEffects":true,"showParticleSystems":true,"showVisualEffectGraphs":true,"m_FxEnabled":true},"in2DMode":false,"pivot":{"x":-0.6364860534667969,"y":-3.8903536796569826,"z":18.845699310302736},"rotation":{"x":-0.10701776295900345,"y":0.14029958844184876,"z":-0.01525268703699112,"w":-0.9841998815536499},"size":31.294275283813478,"orthographic":false}