{"cameraMode":{"drawMode":0,"name":"Shaded","section":"Shading Mode"},"sceneLighting":false,"audioPlay":false,"sceneViewState":{"showFog":true,"showMaterialUpdate":false,"showSkybox":false,"showFlares":true,"showImageEffects":true,"showParticleSystems":true,"showVisualEffectGraphs":true,"m_FxEnabled":true},"in2DMode":false,"pivot":{"x":316.0001220703125,"y":244.05007934570313,"z":11.699993133544922},"rotation":{"x":-0.013808841817080975,"y":0.008096308447420597,"z":-0.00011185220500919968,"w":-0.9998739957809448},"size":1252.0408935546875,"orthographic":false}