{"cameraMode":{"drawMode":0,"name":"Shaded","section":"Shading Mode"},"sceneLighting":false,"audioPlay":false,"sceneViewState":{"showFog":true,"showMaterialUpdate":false,"showSkybox":false,"showFlares":true,"showImageEffects":true,"showParticleSystems":true,"showVisualEffectGraphs":true,"m_FxEnabled":true},"in2DMode":false,"pivot":{"x":316.0001220703125,"y":244.05007934570313,"z":11.699993133544922},"rotation":{"x":-0.08246753364801407,"y":-0.0770607516169548,"z":0.006396071519702673,"w":-0.9935906529426575},"size":1252.0408935546875,"orthographic":false}